,Ticker,N-Value Rating,Ticker Different?,Ticker Entered/Exited Rule?,N-Value Rating Different?,N-Value Rating Entered/Exited Rule?,SMA50_greater_SMA150_rule Different?,SMA50_greater_SMA150_rule Entered/Exited Rule?,SMA150_greater_SMA200_rule Different?,SMA150_greater_SMA200_rule Entered/Exited Rule?,week52_span_rule Different?,week52_span_rule Entered/Exited Rule?,rs_value_rule Different?,rs_value_rule Entered/Exited Rule?,liquidity_rule Different?,liquidity_rule Entered/Exited Rule?,close_above_52weekhigh_rule Different?,close_above_52weekhigh_rule Entered/Exited Rule?,prev_close_rule Different?,prev_close_rule Entered/Exited Rule?,SMA200_slope_rule Different?,SMA200_slope_rule Entered/Exited Rule?,inst_ownership_rule Different?,inst_ownership_rule Entered/Exited Rule?,close_greater_SMA50_rule Different?,close_greater_SMA50_rule Entered/Exited Rule?,sales_QoQ_yearly_rule Different?,sales_QoQ_yearly_rule Entered/Exited Rule?,eps_QoQ_yearly_rule Different?,eps_QoQ_yearly_rule Entered/Exited Rule?
31,EVR,8190.0,False,Did Not Change,True,Exited Rule,False,Did Not Change,False,Did Not Change,False,Did Not Change,True,Exited Rule,False,Did Not Change,False,Did Not Change,False,Did Not Change,False,Did Not Change,False,Did Not Change,False,Did Not Change,False,Did Not Change,False,Did Not Change
40,MFC,8190.0,False,Did Not Change,True,Exited Rule,False,Did Not Change,False,Did Not Change,False,Did Not Change,True,Exited Rule,False,Did Not Change,False,Did Not Change,False,Did Not Change,False,Did Not Change,False,Did Not Change,False,Did Not Change,False,Did Not Change,False,Did Not Change
38,IPHI,8190.0,False,Did Not Change,True,Exited Rule,False,Did Not Change,False,Did Not Change,False,Did Not Change,True,Exited Rule,False,Did Not Change,False,Did Not Change,False,Did Not Change,False,Did Not Change,False,Did Not Change,False,Did Not Change,False,Did Not Change,False,Did Not Change
92,UMBF,8186.0,False,Did Not Change,True,Exited Rule,False,Did Not Change,False,Did Not Change,False,Did Not Change,False,Did Not Change,False,Did Not Change,False,Did Not Change,False,Did Not Change,False,Did Not Change,False,Did Not Change,True,Exited Rule,False,Did Not Change,False,Did Not Change
121,GRWG,8182.0,False,Did Not Change,True,Exited Rule,False,Did Not Change,False,Did Not Change,False,Did Not Change,True,Exited Rule,False,Did Not Change,False,Did Not Change,False,Did Not Change,False,Did Not Change,False,Did Not Change,True,Entered Rule,False,Did Not Change,False,Did Not Change
120,FUTU,8182.0,False,Did Not Change,True,Entered Rule,False,Did Not Change,False,Did Not Change,False,Did Not Change,False,Did Not Change,False,Did Not Change,False,Did Not Change,False,Did Not Change,False,Did Not Change,False,Did Not Change,True,Entered Rule,False,Did Not Change,False,Did Not Change
126,SI,8178.0,False,Did Not Change,True,Entered Rule,False,Did Not Change,False,Did Not Change,False,Did Not Change,False,Did Not Change,False,Did Not Change,False,Did Not Change,False,Did Not Change,False,Did Not Change,False,Did Not Change,True,Entered Rule,False,Did Not Change,False,Did Not Change
127,KFY,8178.0,False,Did Not Change,True,Entered Rule,False,Did Not Change,False,Did Not Change,False,Did Not Change,False,Did Not Change,False,Did Not Change,False,Did Not Change,False,Did Not Change,False,Did Not Change,False,Did Not Change,True,Entered Rule,False,Did Not Change,False,Did Not Change
128,ISBC,8178.0,False,Did Not Change,True,Entered Rule,False,Did Not Change,False,Did Not Change,False,Did Not Change,False,Did Not Change,False,Did Not Change,False,Did Not Change,False,Did Not Change,False,Did Not Change,False,Did Not Change,True,Entered Rule,False,Did Not Change,False,Did Not Change
131,ZUO,8178.0,False,Did Not Change,True,Entered Rule,False,Did Not Change,False,Did Not Change,False,Did Not Change,False,Did Not Change,False,Did Not Change,False,Did Not Change,False,Did Not Change,False,Did Not Change,False,Did Not Change,True,Entered Rule,False,Did Not Change,False,Did Not Change
135,FRTA,8178.0,False,Did Not Change,True,Exited Rule,False,Did Not Change,False,Did Not Change,False,Did Not Change,True,Exited Rule,False,Did Not Change,False,Did Not Change,False,Did Not Change,False,Did Not Change,False,Did Not Change,False,Did Not Change,False,Did Not Change,False,Did Not Change
138,COMM,8178.0,False,Did Not Change,True,Entered Rule,False,Did Not Change,False,Did Not Change,False,Did Not Change,False,Did Not Change,False,Did Not Change,False,Did Not Change,False,Did Not Change,False,Did Not Change,False,Did Not Change,True,Entered Rule,False,Did Not Change,False,Did Not Change
149,ATKR,8170.0,False,Did Not Change,True,Exited Rule,False,Did Not Change,False,Did Not Change,False,Did Not Change,False,Did Not Change,False,Did Not Change,False,Did Not Change,False,Did Not Change,False,Did Not Change,False,Did Not Change,True,Exited Rule,False,Did Not Change,False,Did Not Change
163,NLSN,8162.0,False,Did Not Change,True,Exited Rule,False,Did Not Change,False,Did Not Change,False,Did Not Change,True,Exited Rule,False,Did Not Change,False,Did Not Change,False,Did Not Change,False,Did Not Change,False,Did Not Change,True,Entered Rule,False,Did Not Change,False,Did Not Change
164,BIG,8160.0,False,Did Not Change,True,Entered Rule,False,Did Not Change,False,Did Not Change,False,Did Not Change,False,Did Not Change,False,Did Not Change,False,Did Not Change,False,Did Not Change,False,Did Not Change,False,Did Not Change,True,Entered Rule,False,Did Not Change,False,Did Not Change
165,FB,8158.0,False,Did Not Change,True,Entered Rule,False,Did Not Change,False,Did Not Change,False,Did Not Change,False,Did Not Change,False,Did Not Change,False,Did Not Change,False,Did Not Change,True,Entered Rule,False,Did Not Change,False,Did Not Change,False,Did Not Change,False,Did Not Change
170,QFIN,8054.0,False,Did Not Change,True,Entered Rule,False,Did Not Change,False,Did Not Change,False,Did Not Change,False,Did Not Change,False,Did Not Change,True,Entered Rule,False,Did Not Change,False,Did Not Change,False,Did Not Change,False,Did Not Change,False,Did Not Change,False,Did Not Change
169,KOPN,8054.0,False,Did Not Change,True,Entered Rule,False,Did Not Change,False,Did Not Change,False,Did Not Change,False,Did Not Change,False,Did Not Change,True,Entered Rule,False,Did Not Change,False,Did Not Change,False,Did Not Change,True,Entered Rule,False,Did Not Change,False,Did Not Change
174,CMMB,8034.0,False,Did Not Change,True,Exited Rule,False,Did Not Change,False,Did Not Change,False,Did Not Change,True,Exited Rule,False,Did Not Change,False,Did Not Change,False,Did Not Change,False,Did Not Change,False,Did Not Change,True,Entered Rule,False,Did Not Change,False,Did Not Change
175,TDC,8034.0,False,Did Not Change,True,Exited Rule,False,Did Not Change,False,Did Not Change,False,Did Not Change,True,Exited Rule,False,Did Not Change,True,Entered Rule,False,Did Not Change,False,Did Not Change,False,Did Not Change,False,Did Not Change,False,Did Not Change,False,Did Not Change
177,POWW,7974.0,False,Did Not Change,True,Entered Rule,False,Did Not Change,False,Did Not Change,False,Did Not Change,False,Did Not Change,False,Did Not Change,True,Entered Rule,False,Did Not Change,False,Did Not Change,False,Did Not Change,True,Entered Rule,False,Did Not Change,False,Did Not Change
183,USAK,7934.0,False,Did Not Change,True,Exited Rule,False,Did Not Change,True,Exited Rule,False,Did Not Change,False,Did Not Change,False,Did Not Change,False,Did Not Change,False,Did Not Change,False,Did Not Change,False,Did Not Change,False,Did Not Change,False,Did Not Change,False,Did Not Change
259,ADTN,7930.0,False,Did Not Change,True,Exited Rule,False,Did Not Change,False,Did Not Change,False,Did Not Change,True,Exited Rule,False,Did Not Change,False,Did Not Change,False,Did Not Change,False,Did Not Change,False,Did Not Change,False,Did Not Change,False,Did Not Change,False,Did Not Change
268,PLXS,7930.0,False,Did Not Change,True,Exited Rule,False,Did Not Change,False,Did Not Change,False,Did Not Change,True,Exited Rule,False,Did Not Change,False,Did Not Change,False,Did Not Change,False,Did Not Change,False,Did Not Change,False,Did Not Change,False,Did Not Change,False,Did Not Change
266,SBSI,7930.0,False,Did Not Change,True,Exited Rule,False,Did Not Change,False,Did Not Change,False,Did Not Change,False,Did Not Change,False,Did Not Change,False,Did Not Change,False,Did Not Change,False,Did Not Change,False,Did Not Change,True,Exited Rule,False,Did Not Change,False,Did Not Change
265,ACU,7930.0,False,Did Not Change,True,Exited Rule,False,Did Not Change,False,Did Not Change,False,Did Not Change,True,Exited Rule,False,Did Not Change,False,Did Not Change,False,Did Not Change,False,Did Not Change,False,Did Not Change,True,Exited Rule,False,Did Not Change,False,Did Not Change
263,GLP,7930.0,False,Did Not Change,True,Exited Rule,False,Did Not Change,False,Did Not Change,False,Did Not Change,True,Exited Rule,False,Did Not Change,False,Did Not Change,False,Did Not Change,False,Did Not Change,False,Did Not Change,False,Did Not Change,False,Did Not Change,False,Did Not Change
256,HHR,7930.0,False,Did Not Change,True,Exited Rule,False,Did Not Change,False,Did Not Change,False,Did Not Change,True,Exited Rule,False,Did Not Change,False,Did Not Change,False,Did Not Change,False,Did Not Change,False,Did Not Change,False,Did Not Change,False,Did Not Change,False,Did Not Change
219,ENVA,7930.0,False,Did Not Change,True,Exited Rule,False,Did Not Change,False,Did Not Change,False,Did Not Change,False,Did Not Change,False,Did Not Change,False,Did Not Change,False,Did Not Change,False,Did Not Change,False,Did Not Change,True,Exited Rule,False,Did Not Change,False,Did Not Change
218,PRA,7930.0,False,Did Not Change,True,Exited Rule,False,Did Not Change,False,Did Not Change,False,Did Not Change,False,Did Not Change,False,Did Not Change,False,Did Not Change,False,Did Not Change,False,Did Not Change,False,Did Not Change,True,Exited Rule,False,Did Not Change,False,Did Not Change
248,LPL,7930.0,False,Did Not Change,True,Exited Rule,False,Did Not Change,True,Exited Rule,False,Did Not Change,False,Did Not Change,False,Did Not Change,False,Did Not Change,False,Did Not Change,False,Did Not Change,False,Did Not Change,False,Did Not Change,False,Did Not Change,False,Did Not Change
282,AB,7928.0,False,Did Not Change,True,Exited Rule,False,Did Not Change,False,Did Not Change,False,Did Not Change,True,Exited Rule,False,Did Not Change,False,Did Not Change,False,Did Not Change,False,Did Not Change,False,Did Not Change,False,Did Not Change,False,Did Not Change,False,Did Not Change
284,LIVE,7926.0,False,Did Not Change,True,Entered Rule,False,Did Not Change,False,Did Not Change,False,Did Not Change,False,Did Not Change,False,Did Not Change,False,Did Not Change,False,Did Not Change,False,Did Not Change,False,Did Not Change,True,Entered Rule,False,Did Not Change,False,Did Not Change
285,VLRS,7926.0,False,Did Not Change,True,Entered Rule,False,Did Not Change,False,Did Not Change,False,Did Not Change,False,Did Not Change,False,Did Not Change,False,Did Not Change,False,Did Not Change,False,Did Not Change,False,Did Not Change,True,Entered Rule,False,Did Not Change,False,Did Not Change
288,JRJC,7926.0,False,Did Not Change,True,Exited Rule,False,Did Not Change,False,Did Not Change,False,Did Not Change,True,Exited Rule,False,Did Not Change,False,Did Not Change,False,Did Not Change,False,Did Not Change,False,Did Not Change,True,Entered Rule,False,Did Not Change,False,Did Not Change
289,PGTI,7926.0,False,Did Not Change,True,Entered Rule,False,Did Not Change,False,Did Not Change,False,Did Not Change,False,Did Not Change,False,Did Not Change,False,Did Not Change,False,Did Not Change,False,Did Not Change,False,Did Not Change,True,Entered Rule,False,Did Not Change,False,Did Not Change
300,BCOV,7922.0,False,Did Not Change,True,Exited Rule,False,Did Not Change,False,Did Not Change,False,Did Not Change,True,Exited Rule,False,Did Not Change,False,Did Not Change,False,Did Not Change,False,Did Not Change,False,Did Not Change,False,Did Not Change,False,Did Not Change,False,Did Not Change
310,CAPL,7922.0,False,Did Not Change,True,Exited Rule,False,Did Not Change,False,Did Not Change,False,Did Not Change,True,Exited Rule,False,Did Not Change,False,Did Not Change,False,Did Not Change,False,Did Not Change,False,Did Not Change,True,Entered Rule,False,Did Not Change,False,Did Not Change
309,SPFI,7922.0,False,Did Not Change,True,Exited Rule,False,Did Not Change,False,Did Not Change,False,Did Not Change,True,Exited Rule,False,Did Not Change,False,Did Not Change,False,Did Not Change,False,Did Not Change,False,Did Not Change,True,Entered Rule,False,Did Not Change,False,Did Not Change
305,HCCI,7922.0,False,Did Not Change,True,Entered Rule,False,Did Not Change,False,Did Not Change,False,Did Not Change,False,Did Not Change,False,Did Not Change,False,Did Not Change,False,Did Not Change,False,Did Not Change,False,Did Not Change,True,Entered Rule,False,Did Not Change,False,Did Not Change
304,BKE,7922.0,False,Did Not Change,True,Entered Rule,False,Did Not Change,False,Did Not Change,False,Did Not Change,False,Did Not Change,False,Did Not Change,False,Did Not Change,False,Did Not Change,False,Did Not Change,False,Did Not Change,True,Entered Rule,False,Did Not Change,False,Did Not Change
301,PZN,7922.0,False,Did Not Change,True,Entered Rule,False,Did Not Change,False,Did Not Change,False,Did Not Change,False,Did Not Change,False,Did Not Change,False,Did Not Change,False,Did Not Change,False,Did Not Change,False,Did Not Change,True,Entered Rule,False,Did Not Change,False,Did Not Change
295,ATTO,7922.0,False,Did Not Change,True,Entered Rule,False,Did Not Change,False,Did Not Change,False,Did Not Change,False,Did Not Change,False,Did Not Change,False,Did Not Change,False,Did Not Change,False,Did Not Change,False,Did Not Change,True,Entered Rule,False,Did Not Change,False,Did Not Change
297,ALDX,7922.0,False,Did Not Change,True,Exited Rule,False,Did Not Change,False,Did Not Change,False,Did Not Change,True,Exited Rule,False,Did Not Change,False,Did Not Change,False,Did Not Change,False,Did Not Change,False,Did Not Change,True,Entered Rule,False,Did Not Change,False,Did Not Change
296,IDYA,7922.0,False,Did Not Change,True,Exited Rule,False,Did Not Change,False,Did Not Change,False,Did Not Change,True,Exited Rule,False,Did Not Change,False,Did Not Change,False,Did Not Change,False,Did Not Change,False,Did Not Change,True,Entered Rule,False,Did Not Change,False,Did Not Change
294,CCRN,7922.0,False,Did Not Change,True,Entered Rule,False,Did Not Change,False,Did Not Change,False,Did Not Change,False,Did Not Change,False,Did Not Change,False,Did Not Change,False,Did Not Change,False,Did Not Change,False,Did Not Change,True,Entered Rule,False,Did Not Change,False,Did Not Change
292,MVBF,7922.0,False,Did Not Change,True,Entered Rule,False,Did Not Change,False,Did Not Change,False,Did Not Change,False,Did Not Change,False,Did Not Change,False,Did Not Change,False,Did Not Change,False,Did Not Change,False,Did Not Change,True,Entered Rule,False,Did Not Change,False,Did Not Change
291,SLCA,7922.0,False,Did Not Change,True,Exited Rule,False,Did Not Change,False,Did Not Change,False,Did Not Change,True,Exited Rule,False,Did Not Change,False,Did Not Change,False,Did Not Change,False,Did Not Change,False,Did Not Change,False,Did Not Change,False,Did Not Change,False,Did Not Change
312,CNBKA,7920.0,False,Did Not Change,True,Entered Rule,False,Did Not Change,False,Did Not Change,False,Did Not Change,False,Did Not Change,False,Did Not Change,False,Did Not Change,False,Did Not Change,False,Did Not Change,False,Did Not Change,True,Entered Rule,False,Did Not Change,False,Did Not Change
315,LOVE,7918.0,False,Did Not Change,True,Entered Rule,False,Did Not Change,False,Did Not Change,False,Did Not Change,False,Did Not Change,True,Entered Rule,False,Did Not Change,False,Did Not Change,False,Did Not Change,False,Did Not Change,False,Did Not Change,False,Did Not Change,False,Did Not Change
320,BSIG,7906.0,False,Did Not Change,True,Entered Rule,False,Did Not Change,False,Did Not Change,False,Did Not Change,False,Did Not Change,False,Did Not Change,False,Did Not Change,False,Did Not Change,False,Did Not Change,False,Did Not Change,True,Entered Rule,False,Did Not Change,False,Did Not Change
326,RELL,7866.0,False,Did Not Change,True,Exited Rule,False,Did Not Change,False,Did Not Change,False,Did Not Change,False,Did Not Change,False,Did Not Change,False,Did Not Change,False,Did Not Change,False,Did Not Change,False,Did Not Change,True,Exited Rule,False,Did Not Change,False,Did Not Change
330,TTI,7858.0,False,Did Not Change,True,Exited Rule,False,Did Not Change,False,Did Not Change,False,Did Not Change,False,Did Not Change,False,Did Not Change,True,Exited Rule,False,Did Not Change,False,Did Not Change,False,Did Not Change,False,Did Not Change,False,Did Not Change,False,Did Not Change
336,VRNA,7858.0,False,Did Not Change,True,Exited Rule,False,Did Not Change,False,Did Not Change,False,Did Not Change,True,Exited Rule,False,Did Not Change,False,Did Not Change,False,Did Not Change,False,Did Not Change,False,Did Not Change,False,Did Not Change,False,Did Not Change,False,Did Not Change
337,MRC,7858.0,False,Did Not Change,True,Exited Rule,False,Did Not Change,False,Did Not Change,False,Did Not Change,True,Exited Rule,False,Did Not Change,False,Did Not Change,False,Did Not Change,False,Did Not Change,False,Did Not Change,False,Did Not Change,False,Did Not Change,False,Did Not Change
333,CPLG,7858.0,False,Did Not Change,True,Entered Rule,False,Did Not Change,False,Did Not Change,False,Did Not Change,False,Did Not Change,False,Did Not Change,False,Did Not Change,True,Entered Rule,False,Did Not Change,False,Did Not Change,True,Entered Rule,False,Did Not Change,False,Did Not Change
334,CASA,7858.0,False,Did Not Change,True,Entered Rule,False,Did Not Change,False,Did Not Change,False,Did Not Change,False,Did Not Change,False,Did Not Change,False,Did Not Change,True,Entered Rule,False,Did Not Change,False,Did Not Change,True,Entered Rule,False,Did Not Change,False,Did Not Change
339,RENN,7730.0,False,Did Not Change,True,Exited Rule,False,Did Not Change,False,Did Not Change,False,Did Not Change,True,Exited Rule,False,Did Not Change,True,Entered Rule,False,Did Not Change,False,Did Not Change,False,Did Not Change,False,Did Not Change,False,Did Not Change,False,Did Not Change
341,LLIT,7730.0,False,Did Not Change,True,Entered Rule,False,Did Not Change,False,Did Not Change,False,Did Not Change,False,Did Not Change,False,Did Not Change,True,Entered Rule,False,Did Not Change,False,Did Not Change,False,Did Not Change,False,Did Not Change,False,Did Not Change,False,Did Not Change
342,EEX,7728.0,False,Did Not Change,True,Exited Rule,False,Did Not Change,False,Did Not Change,False,Did Not Change,True,Exited Rule,False,Did Not Change,True,Entered Rule,False,Did Not Change,False,Did Not Change,False,Did Not Change,False,Did Not Change,False,Did Not Change,False,Did Not Change
346,MC,7678.0,False,Did Not Change,True,Exited Rule,False,Did Not Change,False,Did Not Change,False,Did Not Change,False,Did Not Change,False,Did Not Change,False,Did Not Change,False,Did Not Change,False,Did Not Change,False,Did Not Change,True,Exited Rule,False,Did Not Change,False,Did Not Change
350,FND,7678.0,False,Did Not Change,True,Entered Rule,False,Did Not Change,False,Did Not Change,False,Did Not Change,True,Entered Rule,False,Did Not Change,False,Did Not Change,False,Did Not Change,False,Did Not Change,False,Did Not Change,False,Did Not Change,False,Did Not Change,False,Did Not Change
352,LH,7678.0,False,Did Not Change,True,Entered Rule,False,Did Not Change,False,Did Not Change,False,Did Not Change,True,Entered Rule,False,Did Not Change,False,Did Not Change,False,Did Not Change,False,Did Not Change,False,Did Not Change,False,Did Not Change,False,Did Not Change,False,Did Not Change
381,CCK,7674.0,False,Did Not Change,True,Entered Rule,False,Did Not Change,False,Did Not Change,False,Did Not Change,True,Entered Rule,False,Did Not Change,False,Did Not Change,False,Did Not Change,False,Did Not Change,False,Did Not Change,False,Did Not Change,False,Did Not Change,False,Did Not Change
378,NVR,7674.0,False,Did Not Change,True,Entered Rule,False,Did Not Change,False,Did Not Change,False,Did Not Change,True,Entered Rule,False,Did Not Change,False,Did Not Change,False,Did Not Change,False,Did Not Change,False,Did Not Change,False,Did Not Change,False,Did Not Change,False,Did Not Change
375,TROW,7674.0,False,Did Not Change,True,Entered Rule,False,Did Not Change,False,Did Not Change,False,Did Not Change,True,Entered Rule,False,Did Not Change,False,Did Not Change,False,Did Not Change,False,Did Not Change,False,Did Not Change,False,Did Not Change,False,Did Not Change,False,Did Not Change
371,TER,7674.0,False,Did Not Change,True,Exited Rule,True,Exited Rule,False,Did Not Change,False,Did Not Change,False,Did Not Change,False,Did Not Change,False,Did Not Change,False,Did Not Change,False,Did Not Change,False,Did Not Change,False,Did Not Change,False,Did Not Change,False,Did Not Change
368,SLG,7674.0,False,Did Not Change,True,Exited Rule,False,Did Not Change,False,Did Not Change,False,Did Not Change,False,Did Not Change,False,Did Not Change,False,Did Not Change,False,Did Not Change,False,Did Not Change,False,Did Not Change,True,Exited Rule,False,Did Not Change,False,Did Not Change
365,DOW,7674.0,False,Did Not Change,True,Exited Rule,False,Did Not Change,False,Did Not Change,False,Did Not Change,False,Did Not Change,False,Did Not Change,False,Did Not Change,False,Did Not Change,False,Did Not Change,False,Did Not Change,True,Exited Rule,False,Did Not Change,False,Did Not Change
361,BG,7674.0,False,Did Not Change,True,Exited Rule,False,Did Not Change,False,Did Not Change,False,Did Not Change,False,Did Not Change,False,Did Not Change,False,Did Not Change,False,Did Not Change,False,Did Not Change,False,Did Not Change,True,Exited Rule,False,Did Not Change,False,Did Not Change
360,ASH,7674.0,False,Did Not Change,True,Exited Rule,False,Did Not Change,False,Did Not Change,False,Did Not Change,False,Did Not Change,False,Did Not Change,False,Did Not Change,False,Did Not Change,False,Did Not Change,False,Did Not Change,True,Exited Rule,False,Did Not Change,False,Did Not Change
356,MAT,7674.0,False,Did Not Change,True,Exited Rule,False,Did Not Change,False,Did Not Change,False,Did Not Change,False,Did Not Change,False,Did Not Change,False,Did Not Change,False,Did Not Change,False,Did Not Change,False,Did Not Change,True,Exited Rule,False,Did Not Change,False,Did Not Change
389,HOME,7670.0,False,Did Not Change,True,Entered Rule,False,Did Not Change,False,Did Not Change,False,Did Not Change,True,Entered Rule,False,Did Not Change,False,Did Not Change,False,Did Not Change,False,Did Not Change,False,Did Not Change,False,Did Not Change,False,Did Not Change,False,Did Not Change
391,ROKU,7670.0,False,Did Not Change,True,Entered Rule,False,Did Not Change,False,Did Not Change,False,Did Not Change,False,Did Not Change,False,Did Not Change,False,Did Not Change,False,Did Not Change,False,Did Not Change,False,Did Not Change,True,Entered Rule,False,Did Not Change,False,Did Not Change
394,CRWD,7670.0,False,Did Not Change,True,Entered Rule,False,Did Not Change,False,Did Not Change,False,Did Not Change,False,Did Not Change,False,Did Not Change,False,Did Not Change,False,Did Not Change,False,Did Not Change,False,Did Not Change,True,Entered Rule,False,Did Not Change,False,Did Not Change
397,ETSY,7670.0,False,Did Not Change,True,Entered Rule,False,Did Not Change,False,Did Not Change,False,Did Not Change,False,Did Not Change,False,Did Not Change,False,Did Not Change,False,Did Not Change,False,Did Not Change,False,Did Not Change,True,Entered Rule,False,Did Not Change,False,Did Not Change
440,CLH,7666.0,False,Did Not Change,True,Entered Rule,False,Did Not Change,False,Did Not Change,False,Did Not Change,False,Did Not Change,False,Did Not Change,False,Did Not Change,False,Did Not Change,False,Did Not Change,False,Did Not Change,True,Entered Rule,False,Did Not Change,False,Did Not Change
438,WDAY,7666.0,False,Did Not Change,True,Entered Rule,False,Did Not Change,False,Did Not Change,False,Did Not Change,False,Did Not Change,False,Did Not Change,False,Did Not Change,False,Did Not Change,False,Did Not Change,False,Did Not Change,True,Entered Rule,False,Did Not Change,False,Did Not Change
424,TSM,7666.0,False,Did Not Change,True,Entered Rule,False,Did Not Change,False,Did Not Change,False,Did Not Change,False,Did Not Change,False,Did Not Change,False,Did Not Change,False,Did Not Change,False,Did Not Change,False,Did Not Change,True,Entered Rule,False,Did Not Change,False,Did Not Change
423,NEP,7666.0,False,Did Not Change,True,Entered Rule,False,Did Not Change,False,Did Not Change,False,Did Not Change,False,Did Not Change,False,Did Not Change,False,Did Not Change,False,Did Not Change,False,Did Not Change,False,Did Not Change,True,Entered Rule,False,Did Not Change,False,Did Not Change
409,REZI,7666.0,False,Did Not Change,True,Entered Rule,False,Did Not Change,False,Did Not Change,False,Did Not Change,False,Did Not Change,False,Did Not Change,False,Did Not Change,False,Did Not Change,False,Did Not Change,False,Did Not Change,True,Entered Rule,False,Did Not Change,False,Did Not Change
418,CWH,7666.0,False,Did Not Change,True,Entered Rule,False,Did Not Change,False,Did Not Change,False,Did Not Change,False,Did Not Change,False,Did Not Change,False,Did Not Change,False,Did Not Change,False,Did Not Change,False,Did Not Change,True,Entered Rule,False,Did Not Change,False,Did Not Change
455,SITE,7662.0,False,Did Not Change,True,Entered Rule,False,Did Not Change,False,Did Not Change,False,Did Not Change,True,Entered Rule,False,Did Not Change,False,Did Not Change,False,Did Not Change,False,Did Not Change,False,Did Not Change,False,Did Not Change,False,Did Not Change,False,Did Not Change
457,AAP,7658.0,False,Did Not Change,True,Entered Rule,False,Did Not Change,False,Did Not Change,False,Did Not Change,True,Entered Rule,False,Did Not Change,False,Did Not Change,False,Did Not Change,False,Did Not Change,False,Did Not Change,False,Did Not Change,False,Did Not Change,False,Did Not Change
461,GTLS,7650.0,False,Did Not Change,True,Entered Rule,False,Did Not Change,False,Did Not Change,False,Did Not Change,False,Did Not Change,False,Did Not Change,False,Did Not Change,False,Did Not Change,False,Did Not Change,False,Did Not Change,True,Entered Rule,False,Did Not Change,False,Did Not Change
465,ACIW,7650.0,False,Did Not Change,True,Entered Rule,False,Did Not Change,False,Did Not Change,False,Did Not Change,False,Did Not Change,False,Did Not Change,False,Did Not Change,False,Did Not Change,False,Did Not Change,False,Did Not Change,True,Entered Rule,False,Did Not Change,False,Did Not Change
467,FRC,7650.0,False,Did Not Change,True,Entered Rule,False,Did Not Change,False,Did Not Change,False,Did Not Change,False,Did Not Change,False,Did Not Change,False,Did Not Change,False,Did Not Change,False,Did Not Change,False,Did Not Change,True,Entered Rule,False,Did Not Change,False,Did Not Change
470,SHOP,7638.0,False,Did Not Change,True,Entered Rule,False,Did Not Change,False,Did Not Change,False,Did Not Change,False,Did Not Change,False,Did Not Change,False,Did Not Change,False,Did Not Change,False,Did Not Change,False,Did Not Change,True,Entered Rule,False,Did Not Change,False,Did Not Change
475,VERI,7542.0,False,Did Not Change,True,Exited Rule,True,Exited Rule,False,Did Not Change,False,Did Not Change,False,Did Not Change,False,Did Not Change,False,Did Not Change,False,Did Not Change,False,Did Not Change,False,Did Not Change,False,Did Not Change,False,Did Not Change,False,Did Not Change
481,QTRX,7542.0,False,Did Not Change,True,Entered Rule,False,Did Not Change,False,Did Not Change,False,Did Not Change,False,Did Not Change,False,Did Not Change,False,Did Not Change,False,Did Not Change,False,Did Not Change,False,Did Not Change,True,Entered Rule,False,Did Not Change,False,Did Not Change
494,SWTX,7538.0,False,Did Not Change,True,Entered Rule,False,Did Not Change,False,Did Not Change,False,Did Not Change,False,Did Not Change,False,Did Not Change,True,Entered Rule,False,Did Not Change,False,Did Not Change,False,Did Not Change,False,Did Not Change,False,Did Not Change,False,Did Not Change
483,JMIA,7538.0,False,Did Not Change,True,Exited Rule,True,Exited Rule,False,Did Not Change,False,Did Not Change,False,Did Not Change,False,Did Not Change,False,Did Not Change,False,Did Not Change,False,Did Not Change,False,Did Not Change,False,Did Not Change,False,Did Not Change,False,Did Not Change
488,PENN,7538.0,False,Did Not Change,True,Entered Rule,False,Did Not Change,False,Did Not Change,False,Did Not Change,False,Did Not Change,False,Did Not Change,True,Entered Rule,False,Did Not Change,False,Did Not Change,False,Did Not Change,False,Did Not Change,False,Did Not Change,False,Did Not Change
499,EXK,7478.0,False,Did Not Change,True,Entered Rule,False,Did Not Change,False,Did Not Change,False,Did Not Change,False,Did Not Change,False,Did Not Change,True,Entered Rule,False,Did Not Change,False,Did Not Change,False,Did Not Change,False,Did Not Change,False,Did Not Change,False,Did Not Change
506,CSV,7422.0,False,Did Not Change,True,Exited Rule,False,Did Not Change,False,Did Not Change,False,Did Not Change,False,Did Not Change,False,Did Not Change,False,Did Not Change,False,Did Not Change,False,Did Not Change,False,Did Not Change,True,Exited Rule,False,Did Not Change,False,Did Not Change
511,GES,7418.0,False,Did Not Change,True,Entered Rule,False,Did Not Change,False,Did Not Change,False,Did Not Change,True,Entered Rule,False,Did Not Change,False,Did Not Change,False,Did Not Change,False,Did Not Change,False,Did Not Change,False,Did Not Change,False,Did Not Change,False,Did Not Change
513,NX,7418.0,False,Did Not Change,True,Entered Rule,False,Did Not Change,False,Did Not Change,False,Did Not Change,True,Entered Rule,False,Did Not Change,False,Did Not Change,False,Did Not Change,False,Did Not Change,False,Did Not Change,False,Did Not Change,False,Did Not Change,False,Did Not Change
516,LMAT,7418.0,False,Did Not Change,True,Entered Rule,False,Did Not Change,False,Did Not Change,False,Did Not Change,True,Entered Rule,False,Did Not Change,False,Did Not Change,False,Did Not Change,False,Did Not Change,False,Did Not Change,False,Did Not Change,False,Did Not Change,False,Did Not Change
518,HIFS,7418.0,False,Did Not Change,True,Entered Rule,False,Did Not Change,False,Did Not Change,False,Did Not Change,True,Entered Rule,False,Did Not Change,False,Did Not Change,False,Did Not Change,False,Did Not Change,False,Did Not Change,False,Did Not Change,False,Did Not Change,False,Did Not Change
535,TPB,7414.0,False,Did Not Change,True,Entered Rule,False,Did Not Change,False,Did Not Change,False,Did Not Change,False,Did Not Change,False,Did Not Change,False,Did Not Change,False,Did Not Change,False,Did Not Change,False,Did Not Change,True,Entered Rule,False,Did Not Change,False,Did Not Change
537,IBEX,7414.0,False,Did Not Change,True,Entered Rule,False,Did Not Change,False,Did Not Change,False,Did Not Change,True,Entered Rule,False,Did Not Change,False,Did Not Change,False,Did Not Change,False,Did Not Change,False,Did Not Change,False,Did Not Change,False,Did Not Change,False,Did Not Change
583,CRVL,7410.0,False,Did Not Change,True,Entered Rule,False,Did Not Change,False,Did Not Change,False,Did Not Change,False,Did Not Change,False,Did Not Change,False,Did Not Change,False,Did Not Change,False,Did Not Change,False,Did Not Change,True,Entered Rule,False,Did Not Change,False,Did Not Change
595,NNI,7410.0,False,Did Not Change,True,Entered Rule,False,Did Not Change,False,Did Not Change,False,Did Not Change,False,Did Not Change,False,Did Not Change,False,Did Not Change,False,Did Not Change,False,Did Not Change,False,Did Not Change,True,Entered Rule,False,Did Not Change,False,Did Not Change
573,WASH,7410.0,False,Did Not Change,True,Entered Rule,False,Did Not Change,False,Did Not Change,False,Did Not Change,False,Did Not Change,False,Did Not Change,False,Did Not Change,False,Did Not Change,False,Did Not Change,False,Did Not Change,True,Entered Rule,False,Did Not Change,False,Did Not Change
579,BNFT,7410.0,False,Did Not Change,True,Exited Rule,True,Exited Rule,False,Did Not Change,False,Did Not Change,False,Did Not Change,False,Did Not Change,False,Did Not Change,False,Did Not Change,False,Did Not Change,False,Did Not Change,False,Did Not Change,False,Did Not Change,False,Did Not Change
570,USLM,7410.0,False,Did Not Change,True,Entered Rule,False,Did Not Change,False,Did Not Change,False,Did Not Change,False,Did Not Change,False,Did Not Change,False,Did Not Change,False,Did Not Change,False,Did Not Change,False,Did Not Change,True,Entered Rule,False,Did Not Change,False,Did Not Change
605,KNOP,7408.0,False,Did Not Change,True,Exited Rule,False,Did Not Change,False,Did Not Change,True,Exited Rule,False,Did Not Change,False,Did Not Change,False,Did Not Change,False,Did Not Change,False,Did Not Change,False,Did Not Change,False,Did Not Change,False,Did Not Change,False,Did Not Change
608,THRM,7406.0,False,Did Not Change,True,Exited Rule,False,Did Not Change,False,Did Not Change,False,Did Not Change,False,Did Not Change,False,Did Not Change,False,Did Not Change,False,Did Not Change,False,Did Not Change,False,Did Not Change,True,Exited Rule,False,Did Not Change,False,Did Not Change
611,VECO,7394.0,False,Did Not Change,True,Entered Rule,False,Did Not Change,False,Did Not Change,False,Did Not Change,False,Did Not Change,False,Did Not Change,False,Did Not Change,False,Did Not Change,False,Did Not Change,False,Did Not Change,True,Entered Rule,False,Did Not Change,False,Did Not Change
645,RBBN,7222.0,False,Did Not Change,True,Exited Rule,True,Exited Rule,False,Did Not Change,False,Did Not Change,False,Did Not Change,False,Did Not Change,True,Entered Rule,False,Did Not Change,False,Did Not Change,False,Did Not Change,True,Entered Rule,False,Did Not Change,False,Did Not Change
652,KNX,7162.0,False,Did Not Change,True,Exited Rule,False,Did Not Change,True,Exited Rule,False,Did Not Change,False,Did Not Change,False,Did Not Change,False,Did Not Change,False,Did Not Change,False,Did Not Change,False,Did Not Change,False,Did Not Change,False,Did Not Change,False,Did Not Change
654,UGI,7162.0,False,Did Not Change,True,Exited Rule,False,Did Not Change,False,Did Not Change,False,Did Not Change,True,Exited Rule,False,Did Not Change,False,Did Not Change,False,Did Not Change,False,Did Not Change,False,Did Not Change,False,Did Not Change,False,Did Not Change,False,Did Not Change
658,NYCB,7162.0,False,Did Not Change,True,Exited Rule,False,Did Not Change,False,Did Not Change,False,Did Not Change,True,Exited Rule,False,Did Not Change,False,Did Not Change,False,Did Not Change,False,Did Not Change,False,Did Not Change,True,Exited Rule,False,Did Not Change,False,Did Not Change
664,NJR,7160.0,False,Did Not Change,True,Exited Rule,False,Did Not Change,False,Did Not Change,False,Did Not Change,True,Exited Rule,False,Did Not Change,False,Did Not Change,False,Did Not Change,False,Did Not Change,False,Did Not Change,False,Did Not Change,False,Did Not Change,False,Did Not Change
666,KDP,7160.0,False,Did Not Change,True,Exited Rule,False,Did Not Change,False,Did Not Change,False,Did Not Change,True,Exited Rule,False,Did Not Change,False,Did Not Change,False,Did Not Change,False,Did Not Change,False,Did Not Change,False,Did Not Change,False,Did Not Change,False,Did Not Change
671,PHG,7160.0,False,Did Not Change,True,Exited Rule,False,Did Not Change,False,Did Not Change,False,Did Not Change,True,Exited Rule,False,Did Not Change,False,Did Not Change,False,Did Not Change,False,Did Not Change,False,Did Not Change,False,Did Not Change,False,Did Not Change,False,Did Not Change
674,INVH,7146.0,False,Did Not Change,True,Exited Rule,False,Did Not Change,False,Did Not Change,False,Did Not Change,True,Exited Rule,False,Did Not Change,False,Did Not Change,False,Did Not Change,False,Did Not Change,False,Did Not Change,False,Did Not Change,False,Did Not Change,False,Did Not Change
672,FCN,7146.0,False,Did Not Change,True,Exited Rule,False,Did Not Change,False,Did Not Change,False,Did Not Change,False,Did Not Change,False,Did Not Change,False,Did Not Change,False,Did Not Change,True,Exited Rule,False,Did Not Change,False,Did Not Change,False,Did Not Change,False,Did Not Change
673,THS,7146.0,False,Did Not Change,True,Exited Rule,False,Did Not Change,False,Did Not Change,False,Did Not Change,True,Exited Rule,False,Did Not Change,False,Did Not Change,False,Did Not Change,False,Did Not Change,False,Did Not Change,False,Did Not Change,False,Did Not Change,False,Did Not Change
675,TDS,7130.0,False,Did Not Change,True,Exited Rule,False,Did Not Change,True,Exited Rule,False,Did Not Change,False,Did Not Change,False,Did Not Change,False,Did Not Change,False,Did Not Change,False,Did Not Change,False,Did Not Change,False,Did Not Change,False,Did Not Change,False,Did Not Change
676,AZO,7130.0,False,Did Not Change,True,Entered Rule,False,Did Not Change,False,Did Not Change,False,Did Not Change,False,Did Not Change,False,Did Not Change,False,Did Not Change,False,Did Not Change,True,Entered Rule,False,Did Not Change,False,Did Not Change,False,Did Not Change,False,Did Not Change
679,VBFC,6910.0,False,Did Not Change,True,Exited Rule,False,Did Not Change,False,Did Not Change,False,Did Not Change,True,Exited Rule,False,Did Not Change,False,Did Not Change,False,Did Not Change,False,Did Not Change,False,Did Not Change,False,Did Not Change,False,Did Not Change,False,Did Not Change
683,FNLC,6904.0,False,Did Not Change,True,Exited Rule,False,Did Not Change,False,Did Not Change,False,Did Not Change,True,Exited Rule,False,Did Not Change,False,Did Not Change,False,Did Not Change,False,Did Not Change,False,Did Not Change,False,Did Not Change,False,Did Not Change,False,Did Not Change
684,GOOD,6898.0,False,Did Not Change,True,Exited Rule,False,Did Not Change,False,Did Not Change,False,Did Not Change,True,Exited Rule,False,Did Not Change,False,Did Not Change,False,Did Not Change,False,Did Not Change,False,Did Not Change,False,Did Not Change,False,Did Not Change,False,Did Not Change
685,FGBI,6898.0,False,Did Not Change,True,Exited Rule,False,Did Not Change,False,Did Not Change,False,Did Not Change,True,Exited Rule,False,Did Not Change,False,Did Not Change,False,Did Not Change,False,Did Not Change,False,Did Not Change,True,Entered Rule,False,Did Not Change,False,Did Not Change
687,SHEN,6874.0,False,Did Not Change,True,Exited Rule,False,Did Not Change,False,Did Not Change,False,Did Not Change,True,Exited Rule,False,Did Not Change,False,Did Not Change,False,Did Not Change,False,Did Not Change,False,Did Not Change,False,Did Not Change,False,Did Not Change,False,Did Not Change
690,HIW,6650.0,False,Did Not Change,True,Exited Rule,False,Did Not Change,False,Did Not Change,False,Did Not Change,False,Did Not Change,False,Did Not Change,False,Did Not Change,False,Did Not Change,False,Did Not Change,False,Did Not Change,True,Exited Rule,False,Did Not Change,False,Did Not Change
691,CI,6650.0,False,Did Not Change,True,Entered Rule,False,Did Not Change,False,Did Not Change,False,Did Not Change,True,Entered Rule,False,Did Not Change,False,Did Not Change,False,Did Not Change,False,Did Not Change,False,Did Not Change,False,Did Not Change,False,Did Not Change,False,Did Not Change
706,PM,6642.0,False,Did Not Change,True,Entered Rule,False,Did Not Change,False,Did Not Change,False,Did Not Change,False,Did Not Change,False,Did Not Change,False,Did Not Change,False,Did Not Change,False,Did Not Change,False,Did Not Change,True,Entered Rule,False,Did Not Change,False,Did Not Change
704,IART,6642.0,False,Did Not Change,True,Entered Rule,False,Did Not Change,False,Did Not Change,False,Did Not Change,False,Did Not Change,False,Did Not Change,False,Did Not Change,False,Did Not Change,False,Did Not Change,False,Did Not Change,True,Entered Rule,False,Did Not Change,False,Did Not Change
707,TYL,6640.0,False,Did Not Change,True,Exited Rule,True,Exited Rule,False,Did Not Change,False,Did Not Change,False,Did Not Change,False,Did Not Change,False,Did Not Change,False,Did Not Change,False,Did Not Change,False,Did Not Change,True,Entered Rule,False,Did Not Change,False,Did Not Change
708,PAYX,6640.0,False,Did Not Change,True,Entered Rule,False,Did Not Change,False,Did Not Change,False,Did Not Change,False,Did Not Change,False,Did Not Change,False,Did Not Change,False,Did Not Change,False,Did Not Change,False,Did Not Change,True,Entered Rule,False,Did Not Change,False,Did Not Change
712,HMNF,6394.0,False,Did Not Change,True,Exited Rule,False,Did Not Change,False,Did Not Change,False,Did Not Change,False,Did Not Change,False,Did Not Change,False,Did Not Change,False,Did Not Change,False,Did Not Change,False,Did Not Change,True,Exited Rule,False,Did Not Change,False,Did Not Change
713,CWST,6394.0,False,Did Not Change,True,Entered Rule,False,Did Not Change,False,Did Not Change,False,Did Not Change,True,Entered Rule,False,Did Not Change,False,Did Not Change,False,Did Not Change,False,Did Not Change,False,Did Not Change,False,Did Not Change,False,Did Not Change,False,Did Not Change
723,EXPO,6392.0,False,Did Not Change,True,Entered Rule,False,Did Not Change,False,Did Not Change,False,Did Not Change,False,Did Not Change,True,Entered Rule,False,Did Not Change,False,Did Not Change,False,Did Not Change,False,Did Not Change,False,Did Not Change,False,Did Not Change,False,Did Not Change
727,NPK,6386.0,False,Did Not Change,True,Entered Rule,False,Did Not Change,False,Did Not Change,False,Did Not Change,False,Did Not Change,False,Did Not Change,False,Did Not Change,False,Did Not Change,False,Did Not Change,False,Did Not Change,True,Entered Rule,False,Did Not Change,False,Did Not Change
732,CLBK,6386.0,False,Did Not Change,True,Entered Rule,False,Did Not Change,False,Did Not Change,False,Did Not Change,False,Did Not Change,False,Did Not Change,False,Did Not Change,False,Did Not Change,False,Did Not Change,False,Did Not Change,True,Entered Rule,False,Did Not Change,False,Did Not Change
738,THFF,6384.0,False,Did Not Change,True,Entered Rule,False,Did Not Change,False,Did Not Change,False,Did Not Change,False,Did Not Change,False,Did Not Change,False,Did Not Change,False,Did Not Change,False,Did Not Change,False,Did Not Change,True,Entered Rule,False,Did Not Change,False,Did Not Change
740,WABC,6384.0,False,Did Not Change,True,Entered Rule,False,Did Not Change,False,Did Not Change,False,Did Not Change,False,Did Not Change,False,Did Not Change,False,Did Not Change,False,Did Not Change,False,Did Not Change,False,Did Not Change,True,Entered Rule,False,Did Not Change,False,Did Not Change
743,LGIH,6142.0,False,Did Not Change,True,Exited Rule,False,Did Not Change,False,Did Not Change,False,Did Not Change,False,Did Not Change,False,Did Not Change,False,Did Not Change,False,Did Not Change,True,Exited Rule,False,Did Not Change,False,Did Not Change,False,Did Not Change,False,Did Not Change
746,LMNX,6130.0,False,Did Not Change,True,Entered Rule,False,Did Not Change,True,Entered Rule,False,Did Not Change,False,Did Not Change,False,Did Not Change,False,Did Not Change,False,Did Not Change,False,Did Not Change,False,Did Not Change,False,Did Not Change,False,Did Not Change,False,Did Not Change
751,SEEL,6074.0,False,Did Not Change,True,Entered Rule,False,Did Not Change,True,Entered Rule,False,Did Not Change,False,Did Not Change,False,Did Not Change,False,Did Not Change,False,Did Not Change,False,Did Not Change,False,Did Not Change,False,Did Not Change,False,Did Not Change,False,Did Not Change
756,PRQR,5938.0,False,Did Not Change,True,Entered Rule,False,Did Not Change,False,Did Not Change,False,Did Not Change,False,Did Not Change,False,Did Not Change,True,Entered Rule,False,Did Not Change,False,Did Not Change,False,Did Not Change,True,Entered Rule,False,Did Not Change,False,Did Not Change
759,GHL,5886.0,False,Did Not Change,True,Exited Rule,False,Did Not Change,False,Did Not Change,False,Did Not Change,False,Did Not Change,False,Did Not Change,False,Did Not Change,False,Did Not Change,False,Did Not Change,False,Did Not Change,True,Exited Rule,False,Did Not Change,False,Did Not Change
761,MGTA,5882.0,False,Did Not Change,True,Entered Rule,False,Did Not Change,True,Entered Rule,False,Did Not Change,False,Did Not Change,False,Did Not Change,False,Did Not Change,False,Did Not Change,False,Did Not Change,False,Did Not Change,False,Did Not Change,False,Did Not Change,False,Did Not Change
764,HMTV,5882.0,False,Did Not Change,True,Exited Rule,False,Did Not Change,False,Did Not Change,False,Did Not Change,False,Did Not Change,False,Did Not Change,False,Did Not Change,False,Did Not Change,False,Did Not Change,False,Did Not Change,True,Exited Rule,False,Did Not Change,False,Did Not Change
769,PFHD,5878.0,False,Did Not Change,True,Exited Rule,False,Did Not Change,False,Did Not Change,False,Did Not Change,True,Exited Rule,False,Did Not Change,False,Did Not Change,False,Did Not Change,False,Did Not Change,False,Did Not Change,False,Did Not Change,False,Did Not Change,False,Did Not Change
773,COHN,5854.0,False,Did Not Change,True,Entered Rule,False,Did Not Change,False,Did Not Change,False,Did Not Change,False,Did Not Change,False,Did Not Change,False,Did Not Change,False,Did Not Change,True,Entered Rule,False,Did Not Change,False,Did Not Change,False,Did Not Change,False,Did Not Change
776,JMP,5822.0,False,Did Not Change,True,Exited Rule,False,Did Not Change,False,Did Not Change,False,Did Not Change,False,Did Not Change,False,Did Not Change,False,Did Not Change,False,Did Not Change,False,Did Not Change,False,Did Not Change,True,Exited Rule,False,Did Not Change,False,Did Not Change
781,AMRX,5814.0,False,Did Not Change,True,Exited Rule,False,Did Not Change,False,Did Not Change,False,Did Not Change,True,Exited Rule,False,Did Not Change,False,Did Not Change,False,Did Not Change,False,Did Not Change,False,Did Not Change,False,Did Not Change,False,Did Not Change,False,Did Not Change
785,FBIO,5810.0,False,Did Not Change,True,Entered Rule,False,Did Not Change,False,Did Not Change,False,Did Not Change,False,Did Not Change,False,Did Not Change,False,Did Not Change,False,Did Not Change,False,Did Not Change,False,Did Not Change,True,Entered Rule,False,Did Not Change,False,Did Not Change
798,RCON,5806.0,False,Did Not Change,True,Entered Rule,False,Did Not Change,True,Entered Rule,False,Did Not Change,False,Did Not Change,False,Did Not Change,False,Did Not Change,False,Did Not Change,False,Did Not Change,False,Did Not Change,False,Did Not Change,False,Did Not Change,False,Did Not Change
800,USIO,5686.0,False,Did Not Change,True,Entered Rule,False,Did Not Change,False,Did Not Change,False,Did Not Change,False,Did Not Change,False,Did Not Change,True,Entered Rule,False,Did Not Change,False,Did Not Change,False,Did Not Change,True,Entered Rule,False,Did Not Change,False,Did Not Change
802,EBAY,5630.0,False,Did Not Change,True,Entered Rule,False,Did Not Change,True,Entered Rule,False,Did Not Change,False,Did Not Change,False,Did Not Change,False,Did Not Change,False,Did Not Change,False,Did Not Change,False,Did Not Change,False,Did Not Change,False,Did Not Change,False,Did Not Change
803,INFY,5626.0,False,Did Not Change,True,Exited Rule,False,Did Not Change,False,Did Not Change,False,Did Not Change,False,Did Not Change,False,Did Not Change,False,Did Not Change,False,Did Not Change,False,Did Not Change,False,Did Not Change,True,Exited Rule,False,Did Not Change,False,Did Not Change
804,BBY,5624.0,False,Did Not Change,True,Entered Rule,False,Did Not Change,False,Did Not Change,False,Did Not Change,True,Entered Rule,False,Did Not Change,False,Did Not Change,False,Did Not Change,False,Did Not Change,False,Did Not Change,False,Did Not Change,False,Did Not Change,False,Did Not Change
807,INFN,5618.0,False,Did Not Change,True,Exited Rule,True,Exited Rule,True,Entered Rule,False,Did Not Change,False,Did Not Change,False,Did Not Change,False,Did Not Change,False,Did Not Change,False,Did Not Change,False,Did Not Change,False,Did Not Change,False,Did Not Change,False,Did Not Change
812,DXCM,5586.0,False,Did Not Change,True,Exited Rule,False,Did Not Change,False,Did Not Change,True,Exited Rule,False,Did Not Change,False,Did Not Change,False,Did Not Change,False,Did Not Change,False,Did Not Change,False,Did Not Change,True,Entered Rule,False,Did Not Change,False,Did Not Change
818,ASXC,5430.0,False,Did Not Change,True,Entered Rule,False,Did Not Change,True,Entered Rule,False,Did Not Change,False,Did Not Change,False,Did Not Change,False,Did Not Change,False,Did Not Change,False,Did Not Change,False,Did Not Change,False,Did Not Change,False,Did Not Change,False,Did Not Change
819,IMGN,5430.0,False,Did Not Change,True,Entered Rule,False,Did Not Change,True,Entered Rule,False,Did Not Change,False,Did Not Change,True,Exited Rule,False,Did Not Change,False,Did Not Change,False,Did Not Change,False,Did Not Change,False,Did Not Change,False,Did Not Change,False,Did Not Change
826,JELD,5362.0,False,Did Not Change,True,Entered Rule,False,Did Not Change,True,Entered Rule,False,Did Not Change,False,Did Not Change,False,Did Not Change,False,Did Not Change,False,Did Not Change,False,Did Not Change,False,Did Not Change,False,Did Not Change,False,Did Not Change,False,Did Not Change
832,SACH,5310.0,False,Did Not Change,True,Entered Rule,False,Did Not Change,False,Did Not Change,False,Did Not Change,True,Entered Rule,False,Did Not Change,False,Did Not Change,False,Did Not Change,False,Did Not Change,False,Did Not Change,False,Did Not Change,False,Did Not Change,False,Did Not Change
834,BKTI,5302.0,False,Did Not Change,True,Entered Rule,False,Did Not Change,False,Did Not Change,False,Did Not Change,True,Entered Rule,False,Did Not Change,False,Did Not Change,False,Did Not Change,False,Did Not Change,False,Did Not Change,False,Did Not Change,False,Did Not Change,False,Did Not Change
846,PSTL,4854.0,False,Did Not Change,True,Entered Rule,False,Did Not Change,False,Did Not Change,False,Did Not Change,False,Did Not Change,False,Did Not Change,False,Did Not Change,False,Did Not Change,False,Did Not Change,False,Did Not Change,True,Entered Rule,False,Did Not Change,False,Did Not Change
849,TRI,4602.0,False,Did Not Change,True,Entered Rule,False,Did Not Change,True,Entered Rule,False,Did Not Change,False,Did Not Change,False,Did Not Change,False,Did Not Change,False,Did Not Change,False,Did Not Change,False,Did Not Change,False,Did Not Change,False,Did Not Change,False,Did Not Change
854,ILPT,4346.0,False,Did Not Change,True,Exited Rule,True,Exited Rule,True,Entered Rule,False,Did Not Change,False,Did Not Change,False,Did Not Change,False,Did Not Change,False,Did Not Change,False,Did Not Change,False,Did Not Change,False,Did Not Change,False,Did Not Change,False,Did Not Change
857,VALE,4094.0,False,Did Not Change,True,Entered Rule,True,Entered Rule,False,Did Not Change,False,Did Not Change,True,Exited Rule,False,Did Not Change,False,Did Not Change,False,Did Not Change,False,Did Not Change,False,Did Not Change,False,Did Not Change,False,Did Not Change,False,Did Not Change
863,SRRA,3834.0,False,Did Not Change,True,Entered Rule,True,Entered Rule,False,Did Not Change,False,Did Not Change,False,Did Not Change,False,Did Not Change,False,Did Not Change,False,Did Not Change,False,Did Not Change,False,Did Not Change,False,Did Not Change,False,Did Not Change,False,Did Not Change
864,GTBP,3818.0,False,Did Not Change,True,Exited Rule,False,Did Not Change,False,Did Not Change,False,Did Not Change,False,Did Not Change,False,Did Not Change,False,Did Not Change,True,Exited Rule,False,Did Not Change,False,Did Not Change,False,Did Not Change,False,Did Not Change,False,Did Not Change
867,LOMA,3770.0,False,Did Not Change,True,Exited Rule,False,Did Not Change,False,Did Not Change,False,Did Not Change,False,Did Not Change,False,Did Not Change,False,Did Not Change,False,Did Not Change,False,Did Not Change,False,Did Not Change,True,Exited Rule,False,Did Not Change,False,Did Not Change
873,BNTX,3582.0,False,Did Not Change,True,Entered Rule,False,Did Not Change,False,Did Not Change,False,Did Not Change,True,Entered Rule,False,Did Not Change,False,Did Not Change,False,Did Not Change,False,Did Not Change,False,Did Not Change,False,Did Not Change,False,Did Not Change,False,Did Not Change
877,CC,3578.0,False,Did Not Change,True,Entered Rule,True,Entered Rule,False,Did Not Change,False,Did Not Change,False,Did Not Change,False,Did Not Change,False,Did Not Change,False,Did Not Change,False,Did Not Change,False,Did Not Change,True,Exited Rule,False,Did Not Change,False,Did Not Change
886,PRPL,3574.0,False,Did Not Change,True,Entered Rule,False,Did Not Change,False,Did Not Change,False,Did Not Change,False,Did Not Change,False,Did Not Change,False,Did Not Change,False,Did Not Change,False,Did Not Change,False,Did Not Change,True,Entered Rule,False,Did Not Change,False,Did Not Change
891,HOLX,3574.0,False,Did Not Change,True,Entered Rule,False,Did Not Change,False,Did Not Change,False,Did Not Change,False,Did Not Change,False,Did Not Change,False,Did Not Change,False,Did Not Change,False,Did Not Change,False,Did Not Change,True,Entered Rule,False,Did Not Change,False,Did Not Change
892,BIO,3574.0,False,Did Not Change,True,Entered Rule,False,Did Not Change,False,Did Not Change,False,Did Not Change,False,Did Not Change,False,Did Not Change,False,Did Not Change,False,Did Not Change,False,Did Not Change,False,Did Not Change,True,Entered Rule,False,Did Not Change,False,Did Not Change
893,MELI,3572.0,False,Did Not Change,True,Entered Rule,False,Did Not Change,False,Did Not Change,False,Did Not Change,False,Did Not Change,False,Did Not Change,False,Did Not Change,False,Did Not Change,False,Did Not Change,False,Did Not Change,True,Entered Rule,False,Did Not Change,False,Did Not Change
894,TSLA,3570.0,False,Did Not Change,True,Entered Rule,False,Did Not Change,False,Did Not Change,False,Did Not Change,False,Did Not Change,False,Did Not Change,False,Did Not Change,False,Did Not Change,False,Did Not Change,False,Did Not Change,True,Entered Rule,False,Did Not Change,False,Did Not Change
898,ALRM,3570.0,False,Did Not Change,True,Entered Rule,False,Did Not Change,False,Did Not Change,False,Did Not Change,False,Did Not Change,False,Did Not Change,False,Did Not Change,False,Did Not Change,False,Did Not Change,False,Did Not Change,True,Entered Rule,False,Did Not Change,False,Did Not Change
906,EYE,3554.0,False,Did Not Change,True,Entered Rule,False,Did Not Change,False,Did Not Change,False,Did Not Change,False,Did Not Change,False,Did Not Change,False,Did Not Change,False,Did Not Change,False,Did Not Change,False,Did Not Change,True,Entered Rule,False,Did Not Change,False,Did Not Change
907,QCOM,3550.0,False,Did Not Change,True,Entered Rule,False,Did Not Change,False,Did Not Change,False,Did Not Change,False,Did Not Change,False,Did Not Change,False,Did Not Change,False,Did Not Change,True,Entered Rule,False,Did Not Change,False,Did Not Change,False,Did Not Change,False,Did Not Change
909,PEGA,3538.0,False,Did Not Change,True,Entered Rule,False,Did Not Change,False,Did Not Change,False,Did Not Change,False,Did Not Change,False,Did Not Change,False,Did Not Change,False,Did Not Change,True,Entered Rule,False,Did Not Change,False,Did Not Change,False,Did Not Change,False,Did Not Change
913,APPN,3446.0,False,Did Not Change,True,Exited Rule,False,Did Not Change,False,Did Not Change,False,Did Not Change,False,Did Not Change,False,Did Not Change,False,Did Not Change,False,Did Not Change,True,Exited Rule,False,Did Not Change,False,Did Not Change,False,Did Not Change,False,Did Not Change
917,SITM,3446.0,False,Did Not Change,True,Entered Rule,False,Did Not Change,False,Did Not Change,False,Did Not Change,False,Did Not Change,False,Did Not Change,False,Did Not Change,False,Did Not Change,False,Did Not Change,False,Did Not Change,True,Entered Rule,False,Did Not Change,False,Did Not Change
920,CDNA,3446.0,False,Did Not Change,True,Entered Rule,False,Did Not Change,False,Did Not Change,False,Did Not Change,False,Did Not Change,False,Did Not Change,True,Entered Rule,False,Did Not Change,False,Did Not Change,False,Did Not Change,True,Entered Rule,False,Did Not Change,False,Did Not Change
933,IRDM,3442.0,False,Did Not Change,True,Entered Rule,False,Did Not Change,False,Did Not Change,False,Did Not Change,False,Did Not Change,False,Did Not Change,True,Entered Rule,False,Did Not Change,False,Did Not Change,False,Did Not Change,True,Entered Rule,False,Did Not Change,False,Did Not Change
937,GSHD,3414.0,False,Did Not Change,True,Entered Rule,False,Did Not Change,False,Did Not Change,False,Did Not Change,False,Did Not Change,False,Did Not Change,False,Did Not Change,False,Did Not Change,True,Entered Rule,False,Did Not Change,False,Did Not Change,False,Did Not Change,False,Did Not Change
938,TWST,3414.0,False,Did Not Change,True,Entered Rule,False,Did Not Change,False,Did Not Change,False,Did Not Change,False,Did Not Change,False,Did Not Change,False,Did Not Change,False,Did Not Change,True,Entered Rule,False,Did Not Change,True,Entered Rule,False,Did Not Change,False,Did Not Change
946,FKWL,3318.0,False,Did Not Change,True,Exited Rule,False,Did Not Change,False,Did Not Change,False,Did Not Change,False,Did Not Change,False,Did Not Change,True,Exited Rule,False,Did Not Change,False,Did Not Change,False,Did Not Change,False,Did Not Change,False,Did Not Change,False,Did Not Change
951,IHC,3318.0,False,Did Not Change,True,Entered Rule,False,Did Not Change,False,Did Not Change,False,Did Not Change,False,Did Not Change,False,Did Not Change,False,Did Not Change,False,Did Not Change,False,Did Not Change,False,Did Not Change,True,Entered Rule,False,Did Not Change,False,Did Not Change
963,LL,3194.0,False,Did Not Change,True,Entered Rule,False,Did Not Change,False,Did Not Change,False,Did Not Change,False,Did Not Change,False,Did Not Change,True,Entered Rule,False,Did Not Change,False,Did Not Change,False,Did Not Change,False,Did Not Change,False,Did Not Change,False,Did Not Change
965,GRVY,3166.0,False,Did Not Change,True,Entered Rule,False,Did Not Change,False,Did Not Change,False,Did Not Change,False,Did Not Change,False,Did Not Change,False,Did Not Change,False,Did Not Change,True,Entered Rule,False,Did Not Change,False,Did Not Change,False,Did Not Change,False,Did Not Change
990,HLI,2542.0,False,Did Not Change,True,Exited Rule,False,Did Not Change,False,Did Not Change,False,Did Not Change,False,Did Not Change,False,Did Not Change,False,Did Not Change,False,Did Not Change,False,Did Not Change,False,Did Not Change,True,Exited Rule,False,Did Not Change,False,Did Not Change
996,MKTX,2518.0,False,Did Not Change,True,Entered Rule,False,Did Not Change,False,Did Not Change,False,Did Not Change,False,Did Not Change,False,Did Not Change,False,Did Not Change,False,Did Not Change,True,Entered Rule,False,Did Not Change,True,Entered Rule,False,Did Not Change,False,Did Not Change
1001,FDX,2042.0,False,Did Not Change,True,Entered Rule,True,Entered Rule,False,Did Not Change,False,Did Not Change,False,Did Not Change,False,Did Not Change,False,Did Not Change,False,Did Not Change,False,Did Not Change,False,Did Not Change,False,Did Not Change,False,Did Not Change,False,Did Not Change
1002,SWI,1914.0,False,Did Not Change,True,Exited Rule,False,Did Not Change,False,Did Not Change,False,Did Not Change,True,Exited Rule,False,Did Not Change,False,Did Not Change,False,Did Not Change,False,Did Not Change,False,Did Not Change,False,Did Not Change,False,Did Not Change,False,Did Not Change
1003,GFI,1886.0,False,Did Not Change,True,Exited Rule,False,Did Not Change,False,Did Not Change,False,Did Not Change,True,Exited Rule,False,Did Not Change,False,Did Not Change,False,Did Not Change,False,Did Not Change,False,Did Not Change,False,Did Not Change,False,Did Not Change,False,Did Not Change
1007,NVDA,1534.0,False,Did Not Change,True,Exited Rule,False,Did Not Change,False,Did Not Change,False,Did Not Change,False,Did Not Change,False,Did Not Change,False,Did Not Change,False,Did Not Change,True,Exited Rule,False,Did Not Change,False,Did Not Change,False,Did Not Change,False,Did Not Change
1009,NUS,1526.0,False,Did Not Change,True,Entered Rule,False,Did Not Change,True,Entered Rule,False,Did Not Change,False,Did Not Change,False,Did Not Change,False,Did Not Change,False,Did Not Change,False,Did Not Change,False,Did Not Change,False,Did Not Change,False,Did Not Change,False,Did Not Change
1011,ROL,1522.0,False,Did Not Change,True,Entered Rule,False,Did Not Change,False,Did Not Change,False,Did Not Change,False,Did Not Change,False,Did Not Change,False,Did Not Change,False,Did Not Change,False,Did Not Change,False,Did Not Change,True,Entered Rule,False,Did Not Change,False,Did Not Change
1019,MCRB,1398.0,False,Did Not Change,True,Entered Rule,False,Did Not Change,False,Did Not Change,False,Did Not Change,False,Did Not Change,False,Did Not Change,False,Did Not Change,False,Did Not Change,False,Did Not Change,False,Did Not Change,True,Entered Rule,False,Did Not Change,False,Did Not Change
1025,GURE,1214.0,False,Did Not Change,True,Entered Rule,False,Did Not Change,False,Did Not Change,False,Did Not Change,True,Entered Rule,False,Did Not Change,False,Did Not Change,False,Did Not Change,False,Did Not Change,False,Did Not Change,False,Did Not Change,False,Did Not Change,False,Did Not Change
1026,AEE,1018.0,False,Did Not Change,True,Exited Rule,False,Did Not Change,False,Did Not Change,False,Did Not Change,True,Exited Rule,False,Did Not Change,False,Did Not Change,False,Did Not Change,False,Did Not Change,False,Did Not Change,False,Did Not Change,False,Did Not Change,False,Did Not Change
1027,LMT,986.0,False,Did Not Change,True,Entered Rule,True,Entered Rule,False,Did Not Change,False,Did Not Change,False,Did Not Change,False,Did Not Change,False,Did Not Change,False,Did Not Change,False,Did Not Change,False,Did Not Change,False,Did Not Change,False,Did Not Change,False,Did Not Change
1047,True,1.0,True,True,True,True,True,True,True,True,True,True,True,True,True,True,True,True,True,True,True,True,True,True,True,True,True,True,True,True
1048,True,1.0,True,True,True,True,True,True,True,True,True,True,True,True,True,True,True,True,True,True,True,True,True,True,True,True,True,True,True,True
